trip_id,trip_date,trip_hour,taxi_id,payment_type,company,pickup_community_area,dropoff_community_area,distance_km,trip_total,tips,trip_seconds
sample-0000,2024-01-01,0,sample-taxi-0,Cash,Sample A,1,Unknown,1.609344,10,0,300
sample-0001,2024-01-01,7,sample-taxi-1,Credit Card,Sample B,2,Unknown,2.574950,12,1,317
sample-0002,2024-01-01,14,sample-taxi-2,Mobile,Sample A,3,Unknown,3.540557,14,2,334
sample-0003,2024-01-01,21,sample-taxi-3,Cash,Sample B,4,Unknown,4.506163,16,3,351
sample-0004,2024-01-01,4,sample-taxi-4,Credit Card,Sample A,5,Unknown,5.471770,18,4,368
sample-0005,2024-01-01,11,sample-taxi-5,Mobile,Sample B,6,Unknown,6.437376,20,5,385
sample-0006,2024-01-01,18,sample-taxi-0,Cash,Sample A,7,Unknown,7.402982,16,0,402
sample-0007,2024-01-01,1,sample-taxi-1,Credit Card,Sample B,8,Unknown,8.368589,18,1,419
sample-0008,2024-01-01,8,sample-taxi-2,Mobile,Sample A,9,Unknown,9.334195,20,2,436
sample-0009,2024-01-01,15,sample-taxi-3,Cash,Sample B,10,Unknown,10.299802,22,3,453
sample-0010,2024-01-01,22,sample-taxi-4,Credit Card,Sample A,11,Unknown,11.265408,24,4,470
sample-0011,2024-01-01,5,sample-taxi-5,Mobile,Sample B,12,Unknown,12.231014,26,5,487
sample-0012,2024-01-01,12,sample-taxi-0,Cash,Sample A,13,Unknown,13.196621,22,0,504
sample-0013,2024-01-01,19,sample-taxi-1,Credit Card,Sample B,14,Unknown,14.162227,24,1,521
sample-0014,2024-01-01,2,sample-taxi-2,Mobile,Sample A,15,Unknown,15.127834,26,2,538
sample-0015,2024-01-01,9,sample-taxi-3,Cash,Sample B,16,Unknown,16.093440,28,3,555
sample-0016,2024-01-01,16,sample-taxi-4,Credit Card,Sample A,17,Unknown,17.059046,30,4,572
sample-0017,2024-01-01,23,sample-taxi-5,Mobile,Sample B,18,Unknown,18.024653,15,5,589
sample-0018,2024-01-01,6,sample-taxi-0,Cash,Sample A,19,Unknown,18.990259,11,0,606
sample-0019,2024-01-01,13,sample-taxi-1,Credit Card,Sample B,20,Unknown,19.955866,13,1,623
sample-0020,2024-01-01,20,sample-taxi-2,Mobile,Sample A,21,Unknown,1.609344,15,2,640
sample-0021,2024-01-01,3,sample-taxi-3,Cash,Sample B,22,Unknown,2.574950,17,3,657
sample-0022,2024-01-01,10,sample-taxi-4,Credit Card,Sample A,23,Unknown,3.540557,19,4,674
sample-0023,2024-01-01,17,sample-taxi-5,Mobile,Sample B,24,Unknown,4.506163,21,5,691
sample-0024,2024-01-01,0,sample-taxi-0,Cash,Sample A,25,Unknown,5.471770,17,0,708
sample-0025,2024-01-01,7,sample-taxi-1,Credit Card,Sample B,26,Unknown,6.437376,19,1,725
sample-0026,2024-01-01,14,sample-taxi-2,Mobile,Sample A,27,Unknown,7.402982,21,2,742
sample-0027,2024-01-01,21,sample-taxi-3,Cash,Sample B,28,Unknown,8.368589,23,3,759
sample-0028,2024-01-01,4,sample-taxi-4,Credit Card,Sample A,29,Unknown,9.334195,25,4,776
sample-0029,2024-01-01,11,sample-taxi-5,Mobile,Sample B,30,Unknown,10.299802,27,5,793
sample-0030,2024-01-01,18,sample-taxi-0,Cash,Sample A,31,Unknown,11.265408,23,0,810
sample-0031,2024-01-01,1,sample-taxi-1,Credit Card,Sample B,32,Unknown,12.231014,25,1,827
sample-0032,2024-01-01,8,sample-taxi-2,Mobile,Sample A,33,Unknown,13.196621,27,2,844
sample-0033,2024-01-01,15,sample-taxi-3,Cash,Sample B,34,Unknown,14.162227,29,3,861
sample-0034,2024-01-01,22,sample-taxi-4,Credit Card,Sample A,35,Unknown,15.127834,14,4,878
sample-0035,2024-01-01,5,sample-taxi-5,Mobile,Sample B,36,Unknown,16.093440,16,5,895
sample-0036,2024-01-01,12,sample-taxi-0,Cash,Sample A,37,Unknown,17.059046,12,0,912
sample-0037,2024-01-01,19,sample-taxi-1,Credit Card,Sample B,38,Unknown,18.024653,14,1,929
sample-0038,2024-01-01,2,sample-taxi-2,Mobile,Sample A,39,Unknown,18.990259,16,2,946
sample-0039,2024-01-01,9,sample-taxi-3,Cash,Sample B,40,Unknown,19.955866,18,3,963
sample-0040,2024-01-02,16,sample-taxi-4,Credit Card,Sample A,41,Unknown,1.609344,20,4,980
sample-0041,2024-01-02,23,sample-taxi-5,Mobile,Sample B,42,Unknown,2.574950,22,5,997
sample-0042,2024-01-02,6,sample-taxi-0,Cash,Sample A,43,Unknown,3.540557,18,0,1014
sample-0043,2024-01-02,13,sample-taxi-1,Credit Card,Sample B,44,Unknown,4.506163,20,1,1031
sample-0044,2024-01-02,20,sample-taxi-2,Mobile,Sample A,45,Unknown,5.471770,22,2,1048
sample-0045,2024-01-02,3,sample-taxi-3,Cash,Sample B,46,Unknown,6.437376,24,3,1065
sample-0046,2024-01-02,10,sample-taxi-4,Credit Card,Sample A,47,Unknown,7.402982,26,4,1082
sample-0047,2024-01-02,17,sample-taxi-5,Mobile,Sample B,48,Unknown,8.368589,28,5,1099
sample-0048,2024-01-02,0,sample-taxi-0,Cash,Sample A,49,Unknown,9.334195,24,0,1116
sample-0049,2024-01-02,7,sample-taxi-1,Credit Card,Sample B,50,Unknown,10.299802,26,1,1133
sample-0050,2024-01-02,14,sample-taxi-2,Mobile,Sample A,51,Unknown,11.265408,28,2,1150
sample-0051,2024-01-02,21,sample-taxi-3,Cash,Sample B,52,Unknown,12.231014,13,3,1167
sample-0052,2024-01-02,4,sample-taxi-4,Credit Card,Sample A,53,Unknown,13.196621,15,4,1184
sample-0053,2024-01-02,11,sample-taxi-5,Mobile,Sample B,54,Unknown,14.162227,17,5,1201
sample-0054,2024-01-02,18,sample-taxi-0,Cash,Sample A,55,Unknown,15.127834,13,0,1218
sample-0055,2024-01-02,1,sample-taxi-1,Credit Card,Sample B,56,Unknown,16.093440,15,1,1235
sample-0056,2024-01-02,8,sample-taxi-2,Mobile,Sample A,57,Unknown,17.059046,17,2,1252
sample-0057,2024-01-02,15,sample-taxi-3,Cash,Sample B,58,Unknown,18.024653,19,3,1269
sample-0058,2024-01-02,22,sample-taxi-4,Credit Card,Sample A,59,Unknown,18.990259,21,4,1286
sample-0059,2024-01-02,5,sample-taxi-5,Mobile,Sample B,60,Unknown,19.955866,23,5,1303
sample-0060,2024-01-02,12,sample-taxi-0,Cash,Sample A,61,Unknown,1.609344,19,0,1320
sample-0061,2024-01-02,19,sample-taxi-1,Credit Card,Sample B,62,Unknown,2.574950,21,1,1337
sample-0062,2024-01-02,2,sample-taxi-2,Mobile,Sample A,63,Unknown,3.540557,23,2,1354
sample-0063,2024-01-02,9,sample-taxi-3,Cash,Sample B,64,Unknown,4.506163,25,3,1371
sample-0064,2024-01-02,16,sample-taxi-4,Credit Card,Sample A,65,Unknown,5.471770,27,4,1388
sample-0065,2024-01-02,23,sample-taxi-5,Mobile,Sample B,66,Unknown,6.437376,29,5,1405
sample-0066,2024-01-02,6,sample-taxi-0,Cash,Sample A,67,Unknown,7.402982,25,0,1422
sample-0067,2024-01-02,13,sample-taxi-1,Credit Card,Sample B,68,Unknown,8.368589,27,1,1439
sample-0068,2024-01-02,20,sample-taxi-2,Mobile,Sample A,69,Unknown,9.334195,12,2,1456
sample-0069,2024-01-02,3,sample-taxi-3,Cash,Sample B,70,Unknown,10.299802,14,3,1473
sample-0070,2024-01-02,10,sample-taxi-4,Credit Card,Sample A,71,Unknown,11.265408,16,4,1490
sample-0071,2024-01-02,17,sample-taxi-5,Mobile,Sample B,72,Unknown,12.231014,18,5,1507
sample-0072,2024-01-02,0,sample-taxi-0,Cash,Sample A,73,Unknown,13.196621,14,0,1524
sample-0073,2024-01-02,7,sample-taxi-1,Credit Card,Sample B,74,Unknown,14.162227,16,1,1541
sample-0074,2024-01-02,14,sample-taxi-2,Mobile,Sample A,75,Unknown,15.127834,18,2,1558
sample-0075,2024-01-02,21,sample-taxi-3,Cash,Sample B,76,Unknown,16.093440,20,3,1575
sample-0076,2024-01-02,4,sample-taxi-4,Credit Card,Sample A,77,Unknown,17.059046,22,4,1592
sample-0077,2024-01-02,11,sample-taxi-5,Mobile,Sample B,1,Unknown,18.024653,24,5,1609
sample-0078,2024-01-02,18,sample-taxi-0,Cash,Sample A,2,Unknown,18.990259,20,0,1626
sample-0079,2024-01-02,1,sample-taxi-1,Credit Card,Sample B,3,Unknown,19.955866,22,1,1643
sample-0080,2024-01-03,8,sample-taxi-2,Mobile,Sample A,4,Unknown,1.609344,24,2,1660
sample-0081,2024-01-03,15,sample-taxi-3,Cash,Sample B,5,Unknown,2.574950,26,3,1677
sample-0082,2024-01-03,22,sample-taxi-4,Credit Card,Sample A,6,Unknown,3.540557,28,4,1694
sample-0083,2024-01-03,5,sample-taxi-5,Mobile,Sample B,7,Unknown,4.506163,30,5,1711
sample-0084,2024-01-03,12,sample-taxi-0,Cash,Sample A,8,Unknown,5.471770,26,0,1728
sample-0085,2024-01-03,19,sample-taxi-1,Credit Card,Sample B,9,Unknown,6.437376,11,1,1745
sample-0086,2024-01-03,2,sample-taxi-2,Mobile,Sample A,10,Unknown,7.402982,13,2,1762
sample-0087,2024-01-03,9,sample-taxi-3,Cash,Sample B,11,Unknown,8.368589,15,3,1779
sample-0088,2024-01-03,16,sample-taxi-4,Credit Card,Sample A,12,Unknown,9.334195,17,4,1796
sample-0089,2024-01-03,23,sample-taxi-5,Mobile,Sample B,13,Unknown,10.299802,19,5,1813
sample-0090,2024-01-03,6,sample-taxi-0,Cash,Sample A,14,Unknown,11.265408,15,0,1830
sample-0091,2024-01-03,13,sample-taxi-1,Credit Card,Sample B,15,Unknown,12.231014,17,1,1847
sample-0092,2024-01-03,20,sample-taxi-2,Mobile,Sample A,16,Unknown,13.196621,19,2,1864
sample-0093,2024-01-03,3,sample-taxi-3,Cash,Sample B,17,Unknown,14.162227,21,3,1881
sample-0094,2024-01-03,10,sample-taxi-4,Credit Card,Sample A,18,Unknown,15.127834,23,4,1898
sample-0095,2024-01-03,17,sample-taxi-5,Mobile,Sample B,19,Unknown,16.093440,25,5,1915
sample-0096,2024-01-03,0,sample-taxi-0,Cash,Sample A,20,Unknown,17.059046,21,0,1932
sample-0097,2024-01-03,7,sample-taxi-1,Credit Card,Sample B,21,Unknown,18.024653,23,1,1949
sample-0098,2024-01-03,14,sample-taxi-2,Mobile,Sample A,22,Unknown,18.990259,25,2,1966
sample-0099,2024-01-03,21,sample-taxi-3,Cash,Sample B,23,Unknown,19.955866,27,3,1983
sample-0100,2024-01-03,4,sample-taxi-4,Credit Card,Sample A,24,Unknown,1.609344,29,4,2000
sample-0101,2024-01-03,11,sample-taxi-5,Mobile,Sample B,25,Unknown,2.574950,31,5,2017
sample-0102,2024-01-03,18,sample-taxi-0,Cash,Sample A,26,Unknown,3.540557,10,0,2034
sample-0103,2024-01-03,1,sample-taxi-1,Credit Card,Sample B,27,Unknown,4.506163,12,1,2051
sample-0104,2024-01-03,8,sample-taxi-2,Mobile,Sample A,28,Unknown,5.471770,14,2,2068
sample-0105,2024-01-03,15,sample-taxi-3,Cash,Sample B,29,Unknown,6.437376,16,3,2085
sample-0106,2024-01-03,22,sample-taxi-4,Credit Card,Sample A,30,Unknown,7.402982,18,4,2102
sample-0107,2024-01-03,5,sample-taxi-5,Mobile,Sample B,31,Unknown,8.368589,20,5,2119
sample-0108,2024-01-03,12,sample-taxi-0,Cash,Sample A,32,Unknown,9.334195,16,0,2136
sample-0109,2024-01-03,19,sample-taxi-1,Credit Card,Sample B,33,Unknown,10.299802,18,1,2153
sample-0110,2024-01-03,2,sample-taxi-2,Mobile,Sample A,34,Unknown,11.265408,20,2,2170
sample-0111,2024-01-03,9,sample-taxi-3,Cash,Sample B,35,Unknown,12.231014,22,3,2187
sample-0112,2024-01-03,16,sample-taxi-4,Credit Card,Sample A,36,Unknown,13.196621,24,4,2204
sample-0113,2024-01-03,23,sample-taxi-5,Mobile,Sample B,37,Unknown,14.162227,26,5,2221
sample-0114,2024-01-03,6,sample-taxi-0,Cash,Sample A,38,Unknown,15.127834,22,0,2238
sample-0115,2024-01-03,13,sample-taxi-1,Credit Card,Sample B,39,Unknown,16.093440,24,1,2255
sample-0116,2024-01-03,20,sample-taxi-2,Mobile,Sample A,40,Unknown,17.059046,26,2,2272
sample-0117,2024-01-03,3,sample-taxi-3,Cash,Sample B,41,Unknown,18.024653,28,3,2289
sample-0118,2024-01-03,10,sample-taxi-4,Credit Card,Sample A,42,Unknown,18.990259,30,4,2306
sample-0119,2024-01-03,17,sample-taxi-5,Mobile,Sample B,43,Unknown,19.955866,15,5,2323
